From,To,Overlap
AbstractBDDSoftAssertions.class,AbstractStandardSoftAssertions.class,0.480519480519481
Java6AbstractBDDSoftAssertions.class,Java6AbstractStandardSoftAssertions.class,0.442105263157895
AbstractLongArrayAssert.class,AbstractShortArrayAssert.class,0.397959183673469
ShouldBeInSameHourWindow.class,ShouldBeInSameMinuteWindow.class,0.388888888888889
AbstractByteAssert.class,AbstractIntegerAssert.class,0.380090497737556
AbstractShortAssert.class,AbstractIntegerAssert.class,0.377272727272727
ShouldBeBeforeYear.class,ShouldBeAfterYear.class,0.375
ShouldBeAnnotation.class,ShouldBeInterface.class,0.375
TemporalUnitLessThanOffset.class,TemporalUnitWithinOffset.class,0.371428571428571
AtomicIntegerFieldUpdaterAssert.class,AtomicLongFieldUpdaterAssert.class,0.369565217391304
ShouldNotEndWith.class,ShouldNotStartWith.class,0.366666666666667
ShouldBeWritable.class,ShouldBeExecutable.class,0.366666666666667
ShouldBeWritable.class,ShouldBeReadable.class,0.366666666666667
ShouldBeInTheFuture.class,ShouldBeInThePast.class,0.366666666666667
ShouldBeExecutable.class,ShouldBeReadable.class,0.366666666666667
AbstractLongAssert.class,AbstractIntegerAssert.class,0.366515837104072
AbstractByteAssert.class,AbstractShortAssert.class,0.366515837104072
AbstractShortArrayAssert.class,AbstractIntArrayAssert.class,0.362244897959184
AbstractLongArrayAssert.class,AbstractIntArrayAssert.class,0.357142857142857
ShouldNotHaveSameClass.class,ShouldNotBeOfClassIn.class,0.357142857142857
ShouldNotHaveSameClass.class,ShouldBeOfClassIn.class,0.357142857142857
ShouldNotBeOfClassIn.class,ShouldBeOfClassIn.class,0.357142857142857
ShouldEndWith.class,ShouldStartWith.class,0.354838709677419
WithAssumptions.class,Compatibility$System.class,0.346846846846847
ShouldNotBeEqualWithinPercentage.class,ShouldBeEqualWithinPercentage.class,0.346153846153846
ShouldBeLessOrEqual.class,ShouldBeLess.class,0.346153846153846
ShouldNotBeEqualIgnoringCase.class,ShouldBeInSameDay.class,0.346153846153846
ShouldNotBeEqualIgnoringCase.class,ShouldBeInSameMinute.class,0.346153846153846
ShouldNotBeEqualIgnoringCase.class,ShouldBeInSameHour.class,0.346153846153846
ShouldNotBeEqualIgnoringCase.class,ShouldBeInSameMonth.class,0.346153846153846
ShouldBeInSameDay.class,ShouldBeInSameMinute.class,0.346153846153846
ShouldBeInSameDay.class,ShouldBeInSameHour.class,0.346153846153846
ShouldBeInSameDay.class,ShouldBeInSameMonth.class,0.346153846153846
ShouldMatchPattern.class,ShouldBeEqualIgnoringWhitespace.class,0.346153846153846
ShouldMatchPattern.class,ShouldNotBeEqualIgnoringWhitespace.class,0.346153846153846
ShouldMatchPattern.class,ShouldBeEqualNormalizingWhitespace.class,0.346153846153846
ShouldMatchPattern.class,ShouldNotMatchPattern.class,0.346153846153846
ShouldMatchPattern.class,ShouldNotBeEqualNormalizingWhitespace.class,0.346153846153846
ShouldBeInSameMinute.class,ShouldBeInSameHour.class,0.346153846153846
ShouldBeInSameMinute.class,ShouldBeInSameMonth.class,0.346153846153846
ShouldBeEqualIgnoringWhitespace.class,ShouldNotBeEqualIgnoringWhitespace.class,0.346153846153846
ShouldBeEqualIgnoringWhitespace.class,ShouldBeEqualNormalizingWhitespace.class,0.346153846153846
ShouldBeEqualIgnoringWhitespace.class,ShouldNotMatchPattern.class,0.346153846153846
ShouldBeEqualIgnoringWhitespace.class,ShouldNotBeEqualNormalizingWhitespace.class,0.346153846153846
ShouldNotBeEqualIgnoringWhitespace.class,ShouldBeEqualNormalizingWhitespace.class,0.346153846153846
ShouldNotBeEqualIgnoringWhitespace.class,ShouldNotMatchPattern.class,0.346153846153846
ShouldNotBeEqualIgnoringWhitespace.class,ShouldNotBeEqualNormalizingWhitespace.class,0.346153846153846
ShouldNotContainKey.class,ShouldContainPattern.class,0.346153846153846
ShouldNotContainKey.class,ShouldNotContainValue.class,0.346153846153846
ShouldBeEqualNormalizingWhitespace.class,ShouldNotMatchPattern.class,0.346153846153846
ShouldBeEqualNormalizingWhitespace.class,ShouldNotBeEqualNormalizingWhitespace.class,0.346153846153846
ShouldBeInSameHour.class,ShouldBeInSameMonth.class,0.346153846153846
ShouldContainPattern.class,ShouldNotContainValue.class,0.346153846153846
ShouldNotMatchPattern.class,ShouldNotBeEqualNormalizingWhitespace.class,0.346153846153846
WithAssumptions.class,ShouldNotAccept.class,0.345291479820628
WithAssumptions.class,ShouldAccept.class,0.345291479820628
ShouldNotBeIn.class,ShouldBeIn.class,0.34375
ShouldNotMatch.class,ShouldMatch.class,0.342857142857143
ShouldHaveAuthority.class,ShouldHaveHost.class,0.342105263157895
WithAssumptions.class,ShouldBeDirectory.class,0.34070796460177
WithAssumptions.class,Hexadecimals.class,0.34070796460177
WithAssumptions.class,OptionalShouldBePresent.class,0.33920704845815
WithAssumptions.class,ShouldHaveNoParent.class,0.337719298245614
WithAssumptions.class,ShouldNotExist.class,0.336244541484716
DoubleArrays.class,ShortArrays.class,0.335664335664336
ShouldNotEndWith.class,ShouldContainSubsequence.class,0.333333333333333
ShouldHave.class,ShouldNotBe.class,0.333333333333333
ShouldBe.class,ShouldNotBe.class,0.333333333333333
ShouldMatchPattern.class,ShouldBeEqualIgnoringCase.class,0.333333333333333
ShouldContainSequence.class,ShouldStartWith.class,0.333333333333333
ShouldContainSequence.class,ShouldBeBefore.class,0.333333333333333
ShouldBeEqualIgnoringWhitespace.class,ShouldBeEqualIgnoringCase.class,0.333333333333333
ShouldNotBeEqualIgnoringWhitespace.class,ShouldBeEqualIgnoringCase.class,0.333333333333333
ShouldNotStartWith.class,ShouldContainSubsequence.class,0.333333333333333
ShouldNotBe.class,ShouldNotHave.class,0.333333333333333
ShouldBeEqualNormalizingWhitespace.class,ShouldBeEqualIgnoringCase.class,0.333333333333333
ShouldNotMatchPattern.class,ShouldBeEqualIgnoringCase.class,0.333333333333333
ShouldNotBeEqualNormalizingWhitespace.class,ShouldBeEqualIgnoringCase.class,0.333333333333333
ShouldStartWith.class,ShouldBeBefore.class,0.333333333333333
WithAssumptions.class,ClassModifierShouldBe.class,0.330472103004292
WithAssumptions.class,ShouldHavePort.class,0.330472103004292
ShouldBeEqualIgnoringNanos.class,ShouldBeEqualIgnoringMinutes.class,0.327868852459016
WithAssumptions.class,LongPredicateAssert.class,0.327659574468085
WithAssumptions.class,DoublePredicateAssert.class,0.327659574468085
AbstractCharArrayAssert.class,AbstractShortArrayAssert.class,0.326633165829146
WithAssumptions.class,ShouldHaveParent.class,0.326271186440678
WithAssumptions.class,ShouldHaveCause.class,0.324894514767933
ShouldEndWith.class,ShouldContainSequence.class,0.32258064516129
ShouldEndWith.class,ShouldBeBefore.class,0.32258064516129
ShouldContainSequence.class,ShouldNotBeIn.class,0.32258064516129
ShouldContainSequence.class,ShouldBeIn.class,0.32258064516129
ShouldNotBeIn.class,ShouldStartWith.class,0.32258064516129
ShouldNotBeIn.class,ShouldBeBefore.class,0.32258064516129
ShouldStartWith.class,ShouldBeIn.class,0.32258064516129
ShouldBeIn.class,ShouldBeBefore.class,0.32258064516129
WithAssumptions.class,ArrayWrapperList.class,0.322175732217573
ShouldHave.class,ShouldBe.class,0.321428571428571
ShouldHave.class,ShouldNotHave.class,0.321428571428571
ShouldBe.class,ShouldNotHave.class,0.321428571428571
AbstractLongAssert.class,AbstractShortAssert.class,0.321266968325792
WithAssumptions.class,OptionalShouldBeEmpty.class,0.320833333333333
AbstractLongAssert.class,AbstractByteAssert.class,0.31981981981982
IntArrays.class,LongArrays.class,0.319444444444444
WithAssumptions.class,ShouldBeEqualByComparingFieldByFieldRecursively.class,0.315573770491803
WithAssumptions.class,IterableUtil.class,0.313008130081301
ShouldEndWith.class,ShouldNotBeIn.class,0.3125
ShouldEndWith.class,ShouldBeIn.class,0.3125
WithAssumptions.class,Sets.class,0.311740890688259
AbstractCharArrayAssert.class,AbstractLongArrayAssert.class,0.311557788944724
WithAssumptions.class,SoftProxies$CollectErrorsOrCreateExtractedProxy.class,0.310483870967742
ShouldNotContainKey.class,ShouldBeSame.class,0.307692307692308
ShouldBeSame.class,ShouldContainPattern.class,0.307692307692308
ShouldBeSame.class,ShouldNotContainValue.class,0.307692307692308
ShouldBeInSameHourWindow.class,ShouldBeInSameSecondWindow.class,0.305555555555556
ShouldBeInSameMinuteWindow.class,ShouldBeInSameSecondWindow.class,0.305555555555556
Integers.class,Bytes.class,0.304347826086957
AbstractDoubleArrayAssert.class,AbstractFloatArrayAssert.class,0.30188679245283
ShouldNotEndWith.class,ShouldStartWith.class,0.3
ShouldBeLowerCase.class,ShouldBeUpperCase.class,0.3
ShouldBeLowerCase.class,ShouldBeAnArray.class,0.3
ShouldBeUpperCase.class,ShouldBeAnArray.class,0.3
ShouldBeAfterOrEqualsTo.class,ShouldNotBeEqual.class,0.3
ShouldBeAfterOrEqualsTo.class,ShouldBeBeforeOrEqualsTo.class,0.3
ShouldBeAfterOrEqualsTo.class,ShouldBeBefore.class,0.3
ShouldNotStartWith.class,ShouldStartWith.class,0.3
ShouldNotBeEqual.class,ShouldBeBeforeOrEqualsTo.class,0.3
ShouldNotBeEqual.class,ShouldBeBefore.class,0.3
ShouldContainNull.class,ShouldNotBeSame.class,0.3
ShouldContainNull.class,ShouldNotContainNull.class,0.3
ShouldBeBeforeOrEqualsTo.class,ShouldBeBefore.class,0.3
ShouldNotBeSame.class,ShouldNotContainNull.class,0.3
AllOf.class,AnyOf.class,0.3
WithAssumptions.class,Arrays.class,0.299610894941634
InputStreamsException.class,IntrospectionError.class,0.291666666666667
JUnitBDDSoftAssertions$1.class,Java6JUnitBDDSoftAssertions$1.class,0.291666666666667
JUnitBDDSoftAssertions$1.class,JUnitSoftAssertions$1.class,0.291666666666667
JUnitBDDSoftAssertions$1.class,Java6JUnitSoftAssertions$1.class,0.291666666666667
Java6JUnitBDDSoftAssertions$1.class,JUnitSoftAssertions$1.class,0.291666666666667
Java6JUnitBDDSoftAssertions$1.class,Java6JUnitSoftAssertions$1.class,0.291666666666667
JUnitSoftAssertions$1.class,Java6JUnitSoftAssertions$1.class,0.291666666666667
BDDSoftAssertions.class,Java6BDDSoftAssertions.class,0.291666666666667
Java6BDDSoftAssertions.class,Java6SoftAssertions.class,0.291666666666667
ShouldNotEndWith.class,ShouldEndWith.class,0.290322580645161
ShouldEndWith.class,ShouldNotStartWith.class,0.290322580645161
ShouldNotHaveDuplicates.class,ShouldBeBeforeOrEqualsTo.class,0.290322580645161
AbstractBooleanArrayAssert.class,AbstractShortArrayAssert.class,0.287128712871287
AbstractCharArrayAssert.class,AbstractIntArrayAssert.class,0.28643216080402
ShouldContainNull.class,ShouldBeEmpty.class,0.285714285714286
ShouldBeEmpty.class,ShouldNotBeSame.class,0.285714285714286
ShouldBeEmpty.class,ShouldNotContainNull.class,0.285714285714286
BigIntegerComparator.class,BigDecimalComparator.class,0.285714285714286
Integers.class,Longs.class,0.282608695652174
Longs.class,Bytes.class,0.282608695652174
ElementsShouldBeAtMost.class,ElementsShouldBeAtLeast.class,0.277777777777778
ElementsShouldBeAtMost.class,ElementsShouldHaveAtLeast.class,0.277777777777778
ElementsShouldBeAtMost.class,ElementsShouldBeExactly.class,0.277777777777778
ElementsShouldBeAtMost.class,ElementsShouldHaveExactly.class,0.277777777777778
ElementsShouldBeAtMost.class,ElementsShouldHaveAtMost.class,0.277777777777778
ElementsShouldBeAtLeast.class,ElementsShouldHaveAtLeast.class,0.277777777777778
ElementsShouldBeAtLeast.class,ElementsShouldBeExactly.class,0.277777777777778
ElementsShouldBeAtLeast.class,ElementsShouldHaveExactly.class,0.277777777777778
ElementsShouldBeAtLeast.class,ElementsShouldHaveAtMost.class,0.277777777777778
ShouldNotAccept.class,ShouldAccept.class,0.277777777777778
ElementsShouldHaveAtLeast.class,ElementsShouldBeExactly.class,0.277777777777778
ElementsShouldHaveAtLeast.class,ElementsShouldHaveExactly.class,0.277777777777778
ElementsShouldHaveAtLeast.class,ElementsShouldHaveAtMost.class,0.277777777777778
ElementsShouldBeExactly.class,ElementsShouldHaveExactly.class,0.277777777777778
ElementsShouldBeExactly.class,ElementsShouldHaveAtMost.class,0.277777777777778
ElementsShouldHaveExactly.class,ElementsShouldHaveAtMost.class,0.277777777777778
MapSizeAssert.class,IterableSizeAssert.class,0.272727272727273
ShouldContainExactlyInAnyOrder$ErrorType.class,ShouldContainOnly$ErrorType.class,0.272727272727273
ShouldContainExactlyInAnyOrder$ErrorType.class,ShouldContainOnlyNulls$ErrorType.class,0.272727272727273
ShouldContainOnly$ErrorType.class,ShouldContainOnlyNulls$ErrorType.class,0.272727272727273
AbstractBooleanArrayAssert.class,AbstractLongArrayAssert.class,0.272277227722772
ShouldNotBeEqualIgnoringCase.class,ShouldMatchPattern.class,0.269230769230769
ShouldNotBeEqualIgnoringCase.class,ShouldBeEqualIgnoringWhitespace.class,0.269230769230769
ShouldNotBeEqualIgnoringCase.class,ShouldNotBeEqualIgnoringWhitespace.class,0.269230769230769
ShouldNotBeEqualIgnoringCase.class,ShouldBeEqualIgnoringHours.class,0.269230769230769
ShouldNotBeEqualIgnoringCase.class,ShouldNotContainKey.class,0.269230769230769
ShouldNotBeEqualIgnoringCase.class,ShouldBeEqualNormalizingWhitespace.class,0.269230769230769
ShouldNotBeEqualIgnoringCase.class,ShouldContainPattern.class,0.269230769230769
ShouldNotBeEqualIgnoringCase.class,ShouldHaveSameHourAs.class,0.269230769230769
ShouldNotBeEqualIgnoringCase.class,ShouldBeInSameYear.class,0.269230769230769
ShouldNotBeEqualIgnoringCase.class,ShouldNotContainValue.class,0.269230769230769
ShouldNotBeEqualIgnoringCase.class,ShouldNotMatchPattern.class,0.269230769230769
ShouldNotBeEqualIgnoringCase.class,ShouldNotBeEqualNormalizingWhitespace.class,0.269230769230769
ShouldNotBeEqualIgnoringCase.class,ShouldBeInSameSecond.class,0.269230769230769
ShouldBeInSameDay.class,ShouldMatchPattern.class,0.269230769230769
ShouldBeInSameDay.class,ShouldBeEqualIgnoringWhitespace.class,0.269230769230769
ShouldBeInSameDay.class,ShouldNotBeEqualIgnoringWhitespace.class,0.269230769230769
ShouldBeInSameDay.class,ShouldBeEqualIgnoringHours.class,0.269230769230769
ShouldBeInSameDay.class,ShouldNotContainKey.class,0.269230769230769
ShouldBeInSameDay.class,ShouldBeEqualNormalizingWhitespace.class,0.269230769230769
ShouldBeInSameDay.class,ShouldContainPattern.class,0.269230769230769
ShouldBeInSameDay.class,ShouldHaveSameHourAs.class,0.269230769230769
ShouldBeInSameDay.class,ShouldBeInSameYear.class,0.269230769230769
ShouldBeInSameDay.class,ShouldNotContainValue.class,0.269230769230769
ShouldBeInSameDay.class,ShouldNotMatchPattern.class,0.269230769230769
ShouldBeInSameDay.class,ShouldNotBeEqualNormalizingWhitespace.class,0.269230769230769
ShouldBeInSameDay.class,ShouldBeInSameSecond.class,0.269230769230769
ShouldMatchPattern.class,ShouldBeInSameMinute.class,0.269230769230769
ShouldMatchPattern.class,ShouldBeEqualIgnoringHours.class,0.269230769230769
ShouldMatchPattern.class,ShouldNotContainKey.class,0.269230769230769
ShouldMatchPattern.class,ShouldBeInSameHour.class,0.269230769230769
ShouldMatchPattern.class,ShouldBeInSameMonth.class,0.269230769230769
ShouldMatchPattern.class,ShouldContainPattern.class,0.269230769230769
ShouldMatchPattern.class,ShouldHaveSameHourAs.class,0.269230769230769
ShouldMatchPattern.class,ShouldBeInSameYear.class,0.269230769230769
ShouldMatchPattern.class,ShouldNotContainValue.class,0.269230769230769
ShouldMatchPattern.class,ShouldBeInSameSecond.class,0.269230769230769
ShouldBeInSameMinute.class,ShouldBeEqualIgnoringWhitespace.class,0.269230769230769
ShouldBeInSameMinute.class,ShouldNotBeEqualIgnoringWhitespace.class,0.269230769230769
ShouldBeInSameMinute.class,ShouldBeEqualIgnoringHours.class,0.269230769230769
ShouldBeInSameMinute.class,ShouldNotContainKey.class,0.269230769230769
ShouldBeInSameMinute.class,ShouldBeEqualNormalizingWhitespace.class,0.269230769230769
ShouldBeInSameMinute.class,ShouldContainPattern.class,0.269230769230769
ShouldBeInSameMinute.class,ShouldHaveSameHourAs.class,0.269230769230769
ShouldBeInSameMinute.class,ShouldBeInSameYear.class,0.269230769230769
ShouldBeInSameMinute.class,ShouldNotContainValue.class,0.269230769230769
ShouldBeInSameMinute.class,ShouldNotMatchPattern.class,0.269230769230769
ShouldBeInSameMinute.class,ShouldNotBeEqualNormalizingWhitespace.class,0.269230769230769
ShouldBeInSameMinute.class,ShouldBeInSameSecond.class,0.269230769230769
ShouldBeEqualIgnoringWhitespace.class,ShouldBeEqualIgnoringHours.class,0.269230769230769
ShouldBeEqualIgnoringWhitespace.class,ShouldNotContainKey.class,0.269230769230769
ShouldBeEqualIgnoringWhitespace.class,ShouldBeInSameHour.class,0.269230769230769
ShouldBeEqualIgnoringWhitespace.class,ShouldBeInSameMonth.class,0.269230769230769
ShouldBeEqualIgnoringWhitespace.class,ShouldContainPattern.class,0.269230769230769
ShouldBeEqualIgnoringWhitespace.class,ShouldHaveSameHourAs.class,0.269230769230769
ShouldBeEqualIgnoringWhitespace.class,ShouldBeInSameYear.class,0.269230769230769
ShouldBeEqualIgnoringWhitespace.class,ShouldNotContainValue.class,0.269230769230769
ShouldBeEqualIgnoringWhitespace.class,ShouldBeInSameSecond.class,0.269230769230769
ShouldNotBeEqualIgnoringWhitespace.class,ShouldBeEqualIgnoringHours.class,0.269230769230769
ShouldNotBeEqualIgnoringWhitespace.class,ShouldNotContainKey.class,0.269230769230769
ShouldNotBeEqualIgnoringWhitespace.class,ShouldBeInSameHour.class,0.269230769230769
ShouldNotBeEqualIgnoringWhitespace.class,ShouldBeInSameMonth.class,0.269230769230769
ShouldNotBeEqualIgnoringWhitespace.class,ShouldContainPattern.class,0.269230769230769
ShouldNotBeEqualIgnoringWhitespace.class,ShouldHaveSameHourAs.class,0.269230769230769
ShouldNotBeEqualIgnoringWhitespace.class,ShouldBeInSameYear.class,0.269230769230769
ShouldNotBeEqualIgnoringWhitespace.class,ShouldNotContainValue.class,0.269230769230769
ShouldNotBeEqualIgnoringWhitespace.class,ShouldBeInSameSecond.class,0.269230769230769
ShouldBeEqualIgnoringHours.class,ShouldNotContainKey.class,0.269230769230769
ShouldBeEqualIgnoringHours.class,ShouldBeEqualNormalizingWhitespace.class,0.269230769230769
ShouldBeEqualIgnoringHours.class,ShouldBeInSameHour.class,0.269230769230769
ShouldBeEqualIgnoringHours.class,ShouldBeInSameMonth.class,0.269230769230769
ShouldBeEqualIgnoringHours.class,ShouldContainPattern.class,0.269230769230769
ShouldBeEqualIgnoringHours.class,ShouldHaveSameHourAs.class,0.269230769230769
ShouldBeEqualIgnoringHours.class,ShouldBeInSameYear.class,0.269230769230769
ShouldBeEqualIgnoringHours.class,ShouldNotContainValue.class,0.269230769230769
ShouldBeEqualIgnoringHours.class,ShouldNotMatchPattern.class,0.269230769230769
ShouldBeEqualIgnoringHours.class,ShouldNotBeEqualNormalizingWhitespace.class,0.269230769230769
ShouldBeEqualIgnoringHours.class,ShouldBeInSameSecond.class,0.269230769230769
ShouldNotContainKey.class,ShouldBeEqualNormalizingWhitespace.class,0.269230769230769
ShouldNotContainKey.class,ShouldBeInSameHour.class,0.269230769230769
ShouldNotContainKey.class,ShouldBeInSameMonth.class,0.269230769230769
ShouldNotContainKey.class,ShouldHaveSameHourAs.class,0.269230769230769
ShouldNotContainKey.class,ShouldBeInSameYear.class,0.269230769230769
ShouldNotContainKey.class,ShouldNotMatchPattern.class,0.269230769230769
ShouldNotContainKey.class,ShouldNotBeEqualNormalizingWhitespace.class,0.269230769230769
ShouldNotContainKey.class,ShouldBeInSameSecond.class,0.269230769230769
ShouldBeEqualNormalizingWhitespace.class,ShouldBeInSameHour.class,0.269230769230769
ShouldBeEqualNormalizingWhitespace.class,ShouldBeInSameMonth.class,0.269230769230769
ShouldBeEqualNormalizingWhitespace.class,ShouldContainPattern.class,0.269230769230769
ShouldBeEqualNormalizingWhitespace.class,ShouldHaveSameHourAs.class,0.269230769230769
ShouldBeEqualNormalizingWhitespace.class,ShouldBeInSameYear.class,0.269230769230769
ShouldBeEqualNormalizingWhitespace.class,ShouldNotContainValue.class,0.269230769230769
ShouldBeEqualNormalizingWhitespace.class,ShouldBeInSameSecond.class,0.269230769230769
ShouldBeInSameHour.class,ShouldContainPattern.class,0.269230769230769
ShouldBeInSameHour.class,ShouldHaveSameHourAs.class,0.269230769230769
ShouldBeInSameHour.class,ShouldBeInSameYear.class,0.269230769230769
ShouldBeInSameHour.class,ShouldNotContainValue.class,0.269230769230769
ShouldBeInSameHour.class,ShouldNotMatchPattern.class,0.269230769230769
ShouldBeInSameHour.class,ShouldNotBeEqualNormalizingWhitespace.class,0.269230769230769
ShouldBeInSameHour.class,ShouldBeInSameSecond.class,0.269230769230769
ShouldBeInSameMonth.class,ShouldContainPattern.class,0.269230769230769
ShouldBeInSameMonth.class,ShouldHaveSameHourAs.class,0.269230769230769
ShouldBeInSameMonth.class,ShouldBeInSameYear.class,0.269230769230769
ShouldBeInSameMonth.class,ShouldNotContainValue.class,0.269230769230769
ShouldBeInSameMonth.class,ShouldNotMatchPattern.class,0.269230769230769
ShouldBeInSameMonth.class,ShouldNotBeEqualNormalizingWhitespace.class,0.269230769230769
ShouldBeInSameMonth.class,ShouldBeInSameSecond.class,0.269230769230769
ShouldContainPattern.class,ShouldHaveSameHourAs.class,0.269230769230769
ShouldContainPattern.class,ShouldBeInSameYear.class,0.269230769230769
ShouldContainPattern.class,ShouldNotMatchPattern.class,0.269230769230769
ShouldContainPattern.class,ShouldNotBeEqualNormalizingWhitespace.class,0.269230769230769
ShouldContainPattern.class,ShouldBeInSameSecond.class,0.269230769230769
ShouldHaveSameHourAs.class,ShouldBeInSameYear.class,0.269230769230769
ShouldHaveSameHourAs.class,ShouldNotContainValue.class,0.269230769230769
ShouldHaveSameHourAs.class,ShouldNotMatchPattern.class,0.269230769230769
ShouldHaveSameHourAs.class,ShouldNotBeEqualNormalizingWhitespace.class,0.269230769230769
ShouldHaveSameHourAs.class,ShouldBeInSameSecond.class,0.269230769230769
ShouldBeInSameYear.class,ShouldNotContainValue.class,0.269230769230769
ShouldBeInSameYear.class,ShouldNotMatchPattern.class,0.269230769230769
ShouldBeInSameYear.class,ShouldNotBeEqualNormalizingWhitespace.class,0.269230769230769
ShouldBeInSameYear.class,ShouldBeInSameSecond.class,0.269230769230769
ShouldNotContainValue.class,ShouldNotMatchPattern.class,0.269230769230769
ShouldNotContainValue.class,ShouldNotBeEqualNormalizingWhitespace.class,0.269230769230769
ShouldNotContainValue.class,ShouldBeInSameSecond.class,0.269230769230769
ShouldNotMatchPattern.class,ShouldBeInSameSecond.class,0.269230769230769
ShouldNotBeEqualNormalizingWhitespace.class,ShouldBeInSameSecond.class,0.269230769230769
ShouldNotEndWith.class,ShouldBeAfterOrEqualsTo.class,0.266666666666667
ShouldNotEndWith.class,ShouldContainSequence.class,0.266666666666667
ShouldNotEndWith.class,ShouldNotBeEqual.class,0.266666666666667
ShouldNotEndWith.class,ShouldBeBeforeOrEqualsTo.class,0.266666666666667
ShouldNotEndWith.class,ShouldBeBefore.class,0.266666666666667
ShouldBeAfterOrEqualsTo.class,ShouldContainSequence.class,0.266666666666667
ShouldBeAfterOrEqualsTo.class,ShouldNotStartWith.class,0.266666666666667
ShouldBeAfterOrEqualsTo.class,ShouldContainSubsequence.class,0.266666666666667
ShouldBeAfterOrEqualsTo.class,ShouldStartWith.class,0.266666666666667
ShouldContainSequence.class,ShouldNotStartWith.class,0.266666666666667
ShouldContainSequence.class,ShouldNotBeEqual.class,0.266666666666667
ShouldContainSequence.class,ShouldContainSubsequence.class,0.266666666666667
ShouldContainSequence.class,ShouldBeBeforeOrEqualsTo.class,0.266666666666667
ShouldNotStartWith.class,ShouldNotBeEqual.class,0.266666666666667
ShouldNotStartWith.class,ShouldBeBeforeOrEqualsTo.class,0.266666666666667
ShouldNotStartWith.class,ShouldBeBefore.class,0.266666666666667
ShouldNotBeEqual.class,ShouldContainSubsequence.class,0.266666666666667
ShouldNotBeEqual.class,ShouldStartWith.class,0.266666666666667
ShouldContainSubsequence.class,ShouldBeBeforeOrEqualsTo.class,0.266666666666667
ShouldContainSubsequence.class,ShouldStartWith.class,0.266666666666667
ShouldContainSubsequence.class,ShouldBeBefore.class,0.266666666666667
ShouldBeBeforeOrEqualsTo.class,ShouldStartWith.class,0.266666666666667
AbstractCharArrayAssert.class,AbstractBooleanArrayAssert.class,0.263414634146341
ShouldNotBeEqualIgnoringCase.class,ShouldBeEqualIgnoringCase.class,0.259259259259259
ShouldBeInSameDay.class,ShouldBeEqualIgnoringCase.class,0.259259259259259
ShouldBeInSameMinute.class,ShouldBeEqualIgnoringCase.class,0.259259259259259
ShouldBeEqualIgnoringHours.class,ShouldBeEqualIgnoringCase.class,0.259259259259259
ShouldHaveSameClass.class,ShouldNotHaveSameClass.class,0.259259259259259
ShouldHaveSameClass.class,ShouldNotBeOfClassIn.class,0.259259259259259
ShouldHaveSameClass.class,ShouldBeOfClassIn.class,0.259259259259259
ShouldNotContainKey.class,ShouldBeEqualIgnoringCase.class,0.259259259259259
ShouldBeInSameHour.class,ShouldBeEqualIgnoringCase.class,0.259259259259259
ShouldBeInSameMonth.class,ShouldBeEqualIgnoringCase.class,0.259259259259259
ShouldContainPattern.class,ShouldBeEqualIgnoringCase.class,0.259259259259259
ShouldHaveSameHourAs.class,ShouldBeEqualIgnoringCase.class,0.259259259259259
ShouldBeInSameYear.class,ShouldBeEqualIgnoringCase.class,0.259259259259259
ShouldNotContainValue.class,ShouldBeEqualIgnoringCase.class,0.259259259259259
ShouldBeEqualIgnoringCase.class,ShouldBeInSameSecond.class,0.259259259259259
ShouldHaveProtocol.class,ShouldHaveScheme.class,0.259259259259259
ShouldNotEndWith.class,ShouldNotBeIn.class,0.258064516129032
ShouldNotEndWith.class,ShouldBeIn.class,0.258064516129032
ShouldEndWith.class,ShouldBeAfterOrEqualsTo.class,0.258064516129032
ShouldEndWith.class,ShouldNotBeEqual.class,0.258064516129032
ShouldEndWith.class,ShouldContainSubsequence.class,0.258064516129032
ShouldEndWith.class,ShouldBeBeforeOrEqualsTo.class,0.258064516129032
ShouldBeAfterOrEqualsTo.class,ShouldNotBeIn.class,0.258064516129032
ShouldBeAfterOrEqualsTo.class,ShouldBeIn.class,0.258064516129032
ShouldNotStartWith.class,ShouldNotBeIn.class,0.258064516129032
ShouldNotStartWith.class,ShouldBeIn.class,0.258064516129032
ShouldNotBeEqual.class,ShouldNotBeIn.class,0.258064516129032
ShouldNotBeEqual.class,ShouldBeIn.class,0.258064516129032
ShouldNotBeIn.class,ShouldContainSubsequence.class,0.258064516129032
ShouldNotBeIn.class,ShouldBeBeforeOrEqualsTo.class,0.258064516129032
ShouldContainSubsequence.class,ShouldBeIn.class,0.258064516129032
ShouldBeBeforeOrEqualsTo.class,ShouldBeIn.class,0.258064516129032
TemporalOffset.class,ArraySortedAssert.class,0.25
InputStreamsException.class,RuntimeIOException.class,0.25
BooleanArrayAssert.class,ShortArrayAssert.class,0.25
BooleanArrayAssert.class,FloatArrayAssert.class,0.25
BooleanArrayAssert.class,ByteArrayAssert.class,0.25
BooleanArrayAssert.class,DoubleArrayAssert.class,0.25
BooleanArrayAssert.class,CharArrayAssert.class,0.25
LocalDateTimeAssert.class,LocalDateAssert.class,0.25
LocalDateTimeAssert.class,OffsetDateTimeAssert.class,0.25
LocalDateTimeAssert.class,LocalTimeAssert.class,0.25
LocalDateTimeAssert.class,OffsetTimeAssert.class,0.25
StringAssert.class,InputStreamAssert.class,0.25
InstantAssert.class,FileAssert.class,0.25
InstantAssert.class,BigDecimalAssert.class,0.25
UriAssert.class,PathAssert.class,0.25
UriAssert.class,UrlAssert.class,0.25
Java6JUnitBDDSoftAssertions.class,JUnitBDDSoftAssertions.class,0.25
ShortArrayAssert.class,FloatArrayAssert.class,0.25
ShortArrayAssert.class,ByteArrayAssert.class,0.25
ShortArrayAssert.class,DoubleArrayAssert.class,0.25
ShortArrayAssert.class,CharArrayAssert.class,0.25
FileAssert.class,BigDecimalAssert.class,0.25
LocalDateAssert.class,OffsetDateTimeAssert.class,0.25
LocalDateAssert.class,LocalTimeAssert.class,0.25
LocalDateAssert.class,OffsetTimeAssert.class,0.25
LongArrayAssert.class,IntArrayAssert.class,0.25
PathAssert.class,UrlAssert.class,0.25
OptionalLongAssert.class,CharSequenceAssert.class,0.25
OptionalLongAssert.class,OptionalDoubleAssert.class,0.25
OptionalLongAssert.class,OptionalIntAssert.class,0.25
OffsetDateTimeAssert.class,LocalTimeAssert.class,0.25
OffsetDateTimeAssert.class,OffsetTimeAssert.class,0.25
CharSequenceAssert.class,OptionalDoubleAssert.class,0.25
CharSequenceAssert.class,OptionalIntAssert.class,0.25
FloatArrayAssert.class,ByteArrayAssert.class,0.25
FloatArrayAssert.class,DoubleArrayAssert.class,0.25
FloatArrayAssert.class,CharArrayAssert.class,0.25
SoftAssertionMapAssert.class,GenericComparableAssert.class,0.25
Java6JUnitSoftAssertions.class,JUnitSoftAssertions.class,0.25
ByteArrayAssert.class,DoubleArrayAssert.class,0.25
ByteArrayAssert.class,CharArrayAssert.class,0.25
OptionalDoubleAssert.class,OptionalIntAssert.class,0.25
ShortAssert.class,CharacterAssert.class,0.25
ShortAssert.class,ZonedDateTimeAssert.class,0.25
ShortAssert.class,ByteAssert.class,0.25
BDDSoftAssertions.class,Java6SoftAssertions.class,0.25
LocalTimeAssert.class,OffsetTimeAssert.class,0.25
DoubleArrayAssert.class,CharArrayAssert.class,0.25
CharacterAssert.class,ZonedDateTimeAssert.class,0.25
CharacterAssert.class,ByteAssert.class,0.25
ZonedDateTimeAssert.class,ByteAssert.class,0.25
RuntimeIOException.class,IntrospectionError.class,0.25
ShouldBeLowerCase.class,ShouldBeFile.class,0.25
ShouldBeLowerCase.class,ShouldContainNull.class,0.25
ShouldBeLowerCase.class,ShouldBeNullOrEmpty.class,0.25
ShouldBeLowerCase.class,ShouldNotBeSame.class,0.25
ShouldBeLowerCase.class,ShouldHaveNoSuppressedExceptions.class,0.25
ShouldBeLowerCase.class,ShouldNotContainNull.class,0.25
ShouldBeEqualIgnoringNewLineDifferences.class,ShouldNotContainPattern.class,0.25
ShouldBeUpperCase.class,ShouldBeFile.class,0.25
ShouldBeUpperCase.class,ShouldContainNull.class,0.25
ShouldBeUpperCase.class,ShouldBeNullOrEmpty.class,0.25
ShouldBeUpperCase.class,ShouldNotBeSame.class,0.25
ShouldBeUpperCase.class,ShouldHaveNoSuppressedExceptions.class,0.25
ShouldBeUpperCase.class,ShouldNotContainNull.class,0.25
ShouldNotBeDone.class,ShouldBeCancelled.class,0.25
ShouldNotBeDone.class,ShouldNotBeCancelled.class,0.25
ShouldNotBeDone.class,ShouldBeDone.class,0.25
ShouldBeCancelled.class,ShouldNotBeCancelled.class,0.25
ShouldBeCancelled.class,ShouldBeDone.class,0.25
ShouldBeCompletedExceptionally.class,ShouldNotBeCompletedExceptionally.class,0.25
ShouldBeCompletedExceptionally.class,ShouldNotHaveFailed.class,0.25
ShouldBeCompletedExceptionally.class,ShouldNotBeCompleted.class,0.25
ShouldBeCompletedExceptionally.class,ShouldHaveFailed.class,0.25
ShouldBeCompletedExceptionally.class,ShouldBeCompleted.class,0.25
ShouldNotBeCancelled.class,ShouldBeDone.class,0.25
ShouldNotBeCompletedExceptionally.class,ShouldNotHaveFailed.class,0.25
ShouldNotBeCompletedExceptionally.class,ShouldNotBeCompleted.class,0.25
ShouldNotBeCompletedExceptionally.class,ShouldHaveFailed.class,0.25
ShouldNotBeCompletedExceptionally.class,ShouldBeCompleted.class,0.25
ShouldNotHaveFailed.class,ShouldNotBeCompleted.class,0.25
ShouldNotHaveFailed.class,ShouldHaveFailed.class,0.25
ShouldNotHaveFailed.class,ShouldBeCompleted.class,0.25
ShouldNotBeCompleted.class,ShouldHaveFailed.class,0.25
ShouldNotBeCompleted.class,ShouldBeCompleted.class,0.25
ShouldHaveFailed.class,ShouldBeCompleted.class,0.25
ShouldBeFile.class,ShouldContainNull.class,0.25
ShouldBeFile.class,ShouldBeAnArray.class,0.25
ShouldBeFile.class,ShouldBeNullOrEmpty.class,0.25
ShouldBeFile.class,ShouldNotBeSame.class,0.25
ShouldBeFile.class,ShouldHaveNoSuppressedExceptions.class,0.25
ShouldBeFile.class,ShouldNotContainNull.class,0.25
ElementsShouldNotBe.class,ElementsShouldHave.class,0.25
ElementsShouldNotBe.class,ElementsShouldNotHave.class,0.25
ShouldContainNull.class,ShouldBeAnArray.class,0.25
ShouldContainNull.class,ShouldBeNullOrEmpty.class,0.25
ShouldContainNull.class,ShouldHaveNoSuppressedExceptions.class,0.25
ShouldBeAnArray.class,ShouldBeNullOrEmpty.class,0.25
ShouldBeAnArray.class,ShouldNotBeSame.class,0.25
ShouldBeAnArray.class,ShouldHaveNoSuppressedExceptions.class,0.25
ShouldBeAnArray.class,ShouldNotContainNull.class,0.25
ShouldBeNullOrEmpty.class,ShouldNotBeSame.class,0.25
ShouldBeNullOrEmpty.class,ShouldHaveNoSuppressedExceptions.class,0.25
ShouldBeNullOrEmpty.class,ShouldNotContainNull.class,0.25
ShouldNotBeSame.class,ShouldHaveNoSuppressedExceptions.class,0.25
ElementsShouldHave.class,ElementsShouldNotHave.class,0.25
ShouldHaveNoSuppressedExceptions.class,ShouldNotContainNull.class,0.25
AbstractBooleanArrayAssert.class,AbstractIntArrayAssert.class,0.247524752475248
AtomicIntegerAssert.class,AtomicLongAssert.class,0.245283018867925
ShouldBeEqualIgnoringNewLineDifferences.class,ShouldNotBeEqualIgnoringCase.class,0.24
ShouldBeEqualIgnoringNewLineDifferences.class,ShouldBeInSameDay.class,0.24
ShouldBeEqualIgnoringNewLineDifferences.class,ShouldMatchPattern.class,0.24
ShouldBeEqualIgnoringNewLineDifferences.class,ShouldBeInSameMinute.class,0.24
ShouldBeEqualIgnoringNewLineDifferences.class,ShouldBeEqualIgnoringWhitespace.class,0.24
ShouldBeEqualIgnoringNewLineDifferences.class,ShouldNotBeEqualIgnoringWhitespace.class,0.24
ShouldBeEqualIgnoringNewLineDifferences.class,ShouldBeEqualIgnoringHours.class,0.24
ShouldBeEqualIgnoringNewLineDifferences.class,ShouldNotContainKey.class,0.24
ShouldBeEqualIgnoringNewLineDifferences.class,ShouldBeSame.class,0.24
ShouldBeEqualIgnoringNewLineDifferences.class,ShouldBeEqualNormalizingWhitespace.class,0.24
ShouldBeEqualIgnoringNewLineDifferences.class,ShouldBeInSameHour.class,0.24
ShouldBeEqualIgnoringNewLineDifferences.class,ShouldBeInSameMonth.class,0.24
ShouldBeEqualIgnoringNewLineDifferences.class,ShouldContainPattern.class,0.24
ShouldBeEqualIgnoringNewLineDifferences.class,ShouldHaveSameHourAs.class,0.24
ShouldBeEqualIgnoringNewLineDifferences.class,ShouldBeInSameYear.class,0.24
ShouldBeEqualIgnoringNewLineDifferences.class,ShouldNotContainValue.class,0.24
ShouldBeEqualIgnoringNewLineDifferences.class,ShouldNotMatchPattern.class,0.24
ShouldBeEqualIgnoringNewLineDifferences.class,ShouldNotBeEqualNormalizingWhitespace.class,0.24
ShouldBeEqualIgnoringNewLineDifferences.class,ShouldBeInSameSecond.class,0.24
ShouldNotBeEqualIgnoringCase.class,ShouldNotContainPattern.class,0.24
ShouldBeInSameDay.class,ShouldNotContainPattern.class,0.24
ShouldMatchPattern.class,ShouldNotContainPattern.class,0.24
ShouldBeInSameMinute.class,ShouldNotContainPattern.class,0.24
ShouldBeEqualIgnoringWhitespace.class,ShouldNotContainPattern.class,0.24
ShouldNotBeEqualIgnoringWhitespace.class,ShouldNotContainPattern.class,0.24
ShouldBeEqualIgnoringHours.class,ShouldNotContainPattern.class,0.24
ShouldNotContainKey.class,ShouldNotContainPattern.class,0.24
ShouldBeSame.class,ShouldNotContainPattern.class,0.24
ShouldBeEqualNormalizingWhitespace.class,ShouldNotContainPattern.class,0.24
ShouldBeInSameHour.class,ShouldNotContainPattern.class,0.24
ShouldBeInSameMonth.class,ShouldNotContainPattern.class,0.24
ShouldContainPattern.class,ShouldNotContainPattern.class,0.24
ShouldNotContainPattern.class,ShouldHaveSameHourAs.class,0.24
ShouldNotContainPattern.class,ShouldBeInSameYear.class,0.24
ShouldNotContainPattern.class,ShouldNotContainValue.class,0.24
ShouldNotContainPattern.class,ShouldNotMatchPattern.class,0.24
ShouldNotContainPattern.class,ShouldNotBeEqualNormalizingWhitespace.class,0.24
ShouldNotContainPattern.class,ShouldBeInSameSecond.class,0.24
IntPredicateAssert.class,LongPredicateAssert.class,0.238095238095238
IntPredicateAssert.class,DoublePredicateAssert.class,0.238095238095238
LongPredicateAssert.class,DoublePredicateAssert.class,0.238095238095238
ShouldBeLowerCase.class,ShouldBeEmpty.class,0.238095238095238
ShouldBeUpperCase.class,ShouldBeEmpty.class,0.238095238095238
ShouldBeBlank.class,ShouldNotBeBlank.class,0.238095238095238
ShouldBeBlank.class,ShouldHaveNoSuppressedExceptions.class,0.238095238095238
ShouldBeFile.class,ShouldBeEmpty.class,0.238095238095238
ShouldBeAnArray.class,ShouldBeEmpty.class,0.238095238095238
ShouldBeNullOrEmpty.class,ShouldBeEmpty.class,0.238095238095238
ShouldBeEmpty.class,ShouldHaveNoSuppressedExceptions.class,0.238095238095238
WithAssumptions.class,DiffUtils.class,0.235474006116208
AbstractOffsetTimeAssert.class,AbstractOffsetDateTimeAssert.class,0.232558139534884
LongAssert.class,IntegerAssert.class,0.230769230769231
ShouldBeLessOrEqual.class,ShouldBeGreaterOrEqual.class,0.230769230769231
ShouldBeLessOrEqual.class,ShouldBeGreater.class,0.230769230769231
ShouldBeEqualIgnoringNewLineDifferences.class,ShouldBeEqualIgnoringCase.class,0.230769230769231
ShouldBeLess.class,ShouldBeGreaterOrEqual.class,0.230769230769231
ShouldBeLess.class,ShouldBeGreater.class,0.230769230769231
ShouldNotBeInstance.class,ShouldNotBeExactlyInstanceOf.class,0.230769230769231
ShouldNotBeEqualIgnoringCase.class,ShouldBeSame.class,0.230769230769231
ShouldHaveSize.class,ShouldHaveLineCount.class,0.230769230769231
ShouldBeInSameDay.class,ShouldBeSame.class,0.230769230769231
ShouldMatchPattern.class,ShouldBeSame.class,0.230769230769231
ShouldBeInSameMinute.class,ShouldBeSame.class,0.230769230769231
ShouldBeEqualIgnoringWhitespace.class,ShouldBeSame.class,0.230769230769231
ShouldNotBeEqualIgnoringWhitespace.class,ShouldBeSame.class,0.230769230769231
ShouldBeEqualIgnoringHours.class,ShouldBeSame.class,0.230769230769231
ShouldNotBe.class,ShouldContainEntry.class,0.230769230769231
ShouldBeGreaterOrEqual.class,ShouldBeGreater.class,0.230769230769231
ShouldBeSame.class,ShouldBeEqualNormalizingWhitespace.class,0.230769230769231
ShouldBeSame.class,ShouldBeInSameHour.class,0.230769230769231
ShouldBeSame.class,ShouldBeInSameMonth.class,0.230769230769231
ShouldBeSame.class,ShouldHaveSameHourAs.class,0.230769230769231
ShouldBeSame.class,ShouldBeInSameYear.class,0.230769230769231
ShouldBeSame.class,ShouldNotMatchPattern.class,0.230769230769231
ShouldBeSame.class,ShouldNotBeEqualNormalizingWhitespace.class,0.230769230769231
ShouldBeSame.class,ShouldBeInSameSecond.class,0.230769230769231
ShouldHaveToString.class,ShouldHavePropertyOrField.class,0.230769230769231
ShouldNotContainPattern.class,ShouldBeEqualIgnoringCase.class,0.230769230769231
ShouldContainExactlyInAnyOrder$ErrorType.class,ShouldOnlyHaveFields$ErrorType.class,0.227272727272727
ShouldContainOnly$ErrorType.class,ShouldOnlyHaveFields$ErrorType.class,0.227272727272727
ShouldContainOnlyNulls$ErrorType.class,ShouldOnlyHaveFields$ErrorType.class,0.227272727272727
ShouldNotEndWith.class,ShouldNotHaveDuplicates.class,0.225806451612903
ShouldBeAfterOrEqualsTo.class,ShouldNotHaveDuplicates.class,0.225806451612903
ShouldContainSequence.class,ShouldNotHaveDuplicates.class,0.225806451612903
ShouldNotStartWith.class,ShouldNotHaveDuplicates.class,0.225806451612903
ShouldNotBeEqual.class,ShouldNotHaveDuplicates.class,0.225806451612903
ShouldContainSubsequence.class,ShouldNotHaveDuplicates.class,0.225806451612903
ShouldNotHaveDuplicates.class,ShouldStartWith.class,0.225806451612903
ShouldNotHaveDuplicates.class,ShouldBeBefore.class,0.225806451612903
AutoCloseableBDDSoftAssertions.class,AutoCloseableSoftAssertions.class,0.222222222222222
AbstractLocalDateTimeAssert.class,AbstractOffsetDateTimeAssert.class,0.222222222222222
ShouldHave.class,ShouldContainEntry.class,0.222222222222222
ShouldBe.class,ShouldContainEntry.class,0.222222222222222
ShouldNotHave.class,ShouldContainEntry.class,0.222222222222222
ShouldBeSame.class,ShouldBeEqualIgnoringCase.class,0.222222222222222
DoesNotHave.class,Not.class,0.222222222222222
ShouldEndWith.class,ShouldNotHaveDuplicates.class,0.21875
ShouldNotBeIn.class,ShouldNotHaveDuplicates.class,0.21875
ShouldNotHaveDuplicates.class,ShouldBeIn.class,0.21875
Integers.class,Shorts.class,0.217391304347826
Shorts.class,Bytes.class,0.217391304347826
ShouldHaveAtLeastOneElementOfType.class,ShouldContainKey.class,0.217391304347826
ShouldStartWithPath.class,ShouldEndWithPath.class,0.217391304347826
ShouldHaveUserInfo.class,ShouldHaveQuery.class,0.216216216216216
WithAssumptions.class,Files.class,0.215469613259668
FloatArrays.class,LongArrays.class,0.215277777777778
AbstractLocalTimeAssert.class,AbstractOffsetTimeAssert.class,0.210191082802548
FloatArrays.class,ShortArrays.class,0.20979020979021
AbstractLocalTimeAssert.class,AbstractLocalDateAssert.class,0.203007518796992
ShortArrays.class,LongArrays.class,0.202797202797203
DoubleArrays.class,LongArrays.class,0.201388888888889
ShouldBeLowerCase.class,ShouldNotBeBlank.class,0.2
ShouldBeUpperCase.class,ShouldNotBeBlank.class,0.2
ShouldBeInstanceOfAny.class,ShouldNotBeInstanceOfAny.class,0.2
ShouldNotBeInstance.class,ShouldBeExactlyInstanceOf.class,0.2
ShouldHaveRootCauseInstance.class,ShouldHaveRootCauseExactlyInstance.class,0.2
ShouldHaveCauseInstance.class,ShouldHaveCauseExactlyInstance.class,0.2
ShouldNotBeExactlyInstanceOf.class,ShouldBeExactlyInstanceOf.class,0.2
ShouldNotBeBlank.class,ShouldBeFile.class,0.2
ShouldNotBeBlank.class,ShouldContainNull.class,0.2
ShouldNotBeBlank.class,ShouldBeAnArray.class,0.2
ShouldNotBeBlank.class,ShouldBeNullOrEmpty.class,0.2
ShouldNotBeBlank.class,ShouldNotBeSame.class,0.2
ShouldNotBeBlank.class,ShouldHaveNoSuppressedExceptions.class,0.2
ShouldNotBeBlank.class,ShouldNotContainNull.class,0.2
Shorts.class,Longs.class,0.195652173913043
FloatArrays.class,DoubleArrays.class,0.194444444444444
BooleanAssert.class,IntegerAssert.class,0.192307692307692
Java6JUnitBDDSoftAssertions.class,Java6JUnitSoftAssertions.class,0.192307692307692
Java6JUnitBDDSoftAssertions.class,JUnitSoftAssertions.class,0.192307692307692
Java6JUnitSoftAssertions.class,JUnitBDDSoftAssertions.class,0.192307692307692
JUnitBDDSoftAssertions.class,JUnitSoftAssertions.class,0.192307692307692
ShouldBeEqualIgnoringNewLineDifferences.class,ShouldHaveSameHashCode.class,0.192307692307692
ShouldMatchPattern.class,ShouldHavePropertyOrField.class,0.192307692307692
ShouldBeEqualIgnoringWhitespace.class,ShouldHavePropertyOrField.class,0.192307692307692
ShouldNotBeEqualIgnoringWhitespace.class,ShouldHavePropertyOrField.class,0.192307692307692
ShouldHaveSameClass.class,ShouldNotContainKey.class,0.192307692307692
ShouldHaveSameClass.class,ShouldBeSame.class,0.192307692307692
ShouldHaveSameClass.class,ShouldContainPattern.class,0.192307692307692
ShouldHaveSameClass.class,ShouldNotContainValue.class,0.192307692307692
ShouldBeEqualNormalizingWhitespace.class,ShouldHavePropertyOrField.class,0.192307692307692
ShouldHavePropertyOrField.class,ShouldNotMatchPattern.class,0.192307692307692
ShouldHavePropertyOrField.class,ShouldNotBeEqualNormalizingWhitespace.class,0.192307692307692
AbstractBigDecimalAssert.class,AbstractBigIntegerAssert.class,0.191011235955056
SoftAssertionListAssert.class,SoftAssertionIterableAssert.class,0.190476190476191
ShouldBeLowerCase.class,ShouldBeBlank.class,0.190476190476191
ShouldBeUpperCase.class,ShouldBeBlank.class,0.190476190476191
ShouldBeBlank.class,ShouldBeFile.class,0.190476190476191
ShouldBeBlank.class,ShouldContainNull.class,0.190476190476191
ShouldBeBlank.class,ShouldBeAnArray.class,0.190476190476191
ShouldBeBlank.class,ShouldBeNullOrEmpty.class,0.190476190476191
ShouldBeBlank.class,ShouldNotBeSame.class,0.190476190476191
ShouldBeBlank.class,ShouldNotContainNull.class,0.190476190476191
ShouldNotBeBlank.class,ShouldBeEmpty.class,0.190476190476191
AbstractOffsetTimeAssert.class,AbstractLocalDateAssert.class,0.1875
ShouldNotBeDone.class,ShouldBeCompletedExceptionally.class,0.1875
ShouldNotBeDone.class,ShouldNotBeCompletedExceptionally.class,0.1875
ShouldNotBeDone.class,ShouldNotHaveFailed.class,0.1875
ShouldNotBeDone.class,ShouldNotBeCompleted.class,0.1875
ShouldNotBeDone.class,ShouldHaveFailed.class,0.1875
ShouldNotBeDone.class,ShouldBeCompleted.class,0.1875
ShouldBeCancelled.class,ShouldBeCompletedExceptionally.class,0.1875
ShouldBeCancelled.class,ShouldNotBeCompletedExceptionally.class,0.1875
ShouldBeCancelled.class,ShouldNotHaveFailed.class,0.1875
ShouldBeCancelled.class,ShouldNotBeCompleted.class,0.1875
ShouldBeCancelled.class,ShouldHaveFailed.class,0.1875
ShouldBeCancelled.class,ShouldBeCompleted.class,0.1875
ShouldBeCompletedExceptionally.class,ShouldNotBeCancelled.class,0.1875
ShouldBeCompletedExceptionally.class,ShouldBeDone.class,0.1875
ShouldNotBeCancelled.class,ShouldNotBeCompletedExceptionally.class,0.1875
ShouldNotBeCancelled.class,ShouldNotHaveFailed.class,0.1875
ShouldNotBeCancelled.class,ShouldNotBeCompleted.class,0.1875
ShouldNotBeCancelled.class,ShouldHaveFailed.class,0.1875
ShouldNotBeCancelled.class,ShouldBeCompleted.class,0.1875
ShouldBeDone.class,ShouldNotBeCompletedExceptionally.class,0.1875
ShouldBeDone.class,ShouldNotHaveFailed.class,0.1875
ShouldBeDone.class,ShouldNotBeCompleted.class,0.1875
ShouldBeDone.class,ShouldHaveFailed.class,0.1875
ShouldBeDone.class,ShouldBeCompleted.class,0.1875
AbstractLocalTimeAssert.class,AbstractLocalDateTimeAssert.class,0.185897435897436
ShouldNotBeEqualIgnoringCase.class,ShouldHaveSameTime.class,0.185185185185185
ShouldBeInSameDay.class,ShouldHaveSameTime.class,0.185185185185185
ShouldBeInSameMinute.class,ShouldHaveSameTime.class,0.185185185185185
ShouldNotContainKey.class,ShouldNotHaveSameClass.class,0.185185185185185
ShouldNotContainKey.class,ShouldNotBeOfClassIn.class,0.185185185185185
ShouldNotContainKey.class,ShouldBeOfClassIn.class,0.185185185185185
ShouldBeSame.class,ShouldNotHaveSameClass.class,0.185185185185185
ShouldBeSame.class,ShouldNotBeOfClassIn.class,0.185185185185185
ShouldBeSame.class,ShouldBeOfClassIn.class,0.185185185185185
ShouldBeInSameHour.class,ShouldHaveSameTime.class,0.185185185185185
ShouldBeInSameMonth.class,ShouldHaveSameTime.class,0.185185185185185
ShouldContainPattern.class,ShouldNotHaveSameClass.class,0.185185185185185
ShouldContainPattern.class,ShouldNotBeOfClassIn.class,0.185185185185185
ShouldContainPattern.class,ShouldBeOfClassIn.class,0.185185185185185
ShouldNotHaveSameClass.class,ShouldNotContainValue.class,0.185185185185185
ShouldNotBeOfClassIn.class,ShouldNotContainValue.class,0.185185185185185
ShouldNotContainValue.class,ShouldBeOfClassIn.class,0.185185185185185
ShouldHavePropertyOrField.class,ShouldBeEqualIgnoringCase.class,0.185185185185185
AbstractByteArrayAssert.class,AbstractIntArrayAssert.class,0.182203389830508
ShouldContainValues.class,ShouldNotContainKeys.class,0.181818181818182
ShouldBeBlank.class,ShouldBeEmpty.class,0.181818181818182
